Date Entered,Stock Label,Brand,Engine Number,Status
2023-03-06,New,Suzuki,1R88BOJW8W,On-hand
2023-02-06,Old,Kymco,2ESQRHAXWG,On-hand
2023-03-07,New,Kawasaki,392XSUBMUW,On-hand
2023-03-05,New,Yamaha,45CNYV7IFF,On-hand
2023-02-03,Old,Kawasaki,483QHIM661,On-hand
2023-02-05,Old,Kawasaki,4J8UA0FMVY,Sold
2023-02-08,Old,Kymco,4M793VVAHI,On-hand
2023-02-01,Old,Honda,4VBTV8YNM7,Sold
2023-03-06,New,Kymco,5I80N9HB7W,Sold
2023-02-08,Old,Suzuki,5N7IQVJ2BA,On-hand
2023-03-04,New,Yamaha,5NGI5UZ8T2,On-hand
2023-02-06,Old,Honda,5Q0EZG7WKB,On-hand
2023-02-01,Old,Honda,95AN3AWVF4,On-hand
2023-02-06,Old,Suzuki,9XUOUOJ2XZ,On-hand
2023-03-05,New,Honda,AITLTSJUK2,On-hand
2023-03-03,New,Yamaha,BVGQQNMATL,Sold
2023-03-06,New,Yamaha,D01JMJL9PG,Sold
2023-02-08,Old,Yamaha,DVFUIA0YVB,Sold
2023-02-07,Old,Kymco,J8JA99VWZE,Sold
2023-02-07,Old,Honda,K4KHCQAU41,Sold
2023-03-07,New,Suzuki,LAMH9Y1YD6,On-hand
2023-03-03,New,Kawasaki,LYQVEHJ6IU,Sold
2023-03-06,New,Kymco,MXS36NKV96,Sold
2023-03-01,New,Suzuki,NO8VW05PU9,On-hand
2023-02-07,Old,Kymco,NS530HOT9H,Sold
2023-03-01,New,Yamaha,NWIP2MQEIN,Sold
2023-02-07,Old,Honda,PVAWKD51CE,Sold
2023-03-06,New,Kymco,PWM3MJWPYE,Sold
2023-02-01,Old,Honda,PZCT1S00XE,Sold
2023-02-04,Old,Kymco,QMUB6UYLKL,Sold
2023-02-03,Old,Kymco,SPHA17SSEE,On-hand
2025-03-22,New,Ford,TESTSTOCK1,On-hand
2025-03-22,New,TESTSTOCK,TESTSTOCK3,On-hand
2025-03-21,New,Mazda,TEST_STOCK,On-hand
2023-02-06,Old,Honda,TY5SU0WPDX,On-hand
2023-02-07,Old,Suzuki,URIA0XXM05,Sold
2023-03-04,New,Kymco,URWMSQZCBU,Sold
2023-02-04,Old,Honda,V96GMTFFEI,Sold
2023-03-05,New,Honda,W2UYM0EIRS,On-hand
2023-02-05,Old,Kawasaki,X8G5ZZ7A69,Sold
2023-02-06,Old,Kymco,YUL4UTC4FU,On-hand
2023-03-03,New,Kawasaki,Z46VKPIJBY,Sold
2023-02-08,Old,Honda,Z4NY5JGZZT,Sold
